aa_code,1hot-1,1hot-2,1hot-3,1hot-4,1hot-5,1hot-6,1hot-7,1hot-8,1hot-9,1hot-10,1hot-11,1hot-12,1hot-13,1hot-14,1hot-15,1hot-16,1hot-17,1hot-18,1hot-19,1hot-20,BLOSUM62-1,BLOSUM62-2,BLOSUM62-3,BLOSUM62-4,BLOSUM62-5,BLOSUM62-6,BLOSUM62-7,BLOSUM62-8,BLOSUM62-9,BLOSUM62-10,BLOSUM62-11,BLOSUM62-12,BLOSUM62-13,BLOSUM62-14,BLOSUM62-15,BLOSUM62-16,BLOSUM62-17,BLOSUM62-18,BLOSUM62-19,BLOSUM62-20,EDSSMat75-1,EDSSMat75-2,EDSSMat75-3,EDSSMat75-4,EDSSMat75-5,EDSSMat75-6,EDSSMat75-7,EDSSMat75-8,EDSSMat75-9,EDSSMat75-10,EDSSMat75-11,EDSSMat75-12,EDSSMat75-13,EDSSMat75-14,EDSSMat75-15,EDSSMat75-16,EDSSMat75-17,EDSSMat75-18,EDSSMat75-19,EDSSMat75-20,ZScore-1,ZScore-2,ZScore-3,ZScore-4,ZScore-5,Alfa-1,Alfa-2,Alfa-3,Alfa-4,Alfa-5,Alfa-6,Alfa-7,Alfa-8,Alfa-9,Alfa-10,Alfa-11,Alfa-12,Alfa-13,Alfa-14,Alfa-15,Alfa-16,Alfa-17,Beta-1,Beta-2,Beta-3,Beta-4,Beta-5,Beta-6,Beta-7,Beta-8,Beta-9,Beta-10,Beta-11,Beta-12,Beta-13,Beta-14,Beta-15,Beta-16,Beta-17,Turn-1,Turn-2,Turn-3,Turn-4,Turn-5,Turn-6,Turn-7,Turn-8,Turn-9,Turn-10,Turn-11,Turn-12,Turn-13,Turn-14,Turn-15,Turn-16,Turn-17,Coil-1,Coil-2,Coil-3,Coil-4,Coil-5,Coil-6,Coil-7,Coil-8,Coil-9,Coil-10,Coil-11,Coil-12,Coil-13,Coil-14,Coil-15,Coil-16,Coil-17
A,1,0,0,0,0,0,0,0,0,0,0,0,0,0,0,0,0,0,0,0,4,0,-2,-1,-2,0,-2,-1,-1,-1,-1,-2,-1,-1,-1,1,0,0,-3,-2,4,-1,-2,-2,-2,0,-2,-1,-3,-2,-1,-2,-1,-2,-3,0,1,1,-4,-3,0.24,-2.32,0.60,-0.14,1.30,5,10,15,20,30,40,50,60,65,60,50,40,30,20,15,10,5,0,0,0,0,-5,-10,-15,-20,-23,-20,-15,-10,-5,0,0,0,0,0,0,0,-10,-20,-30,-40,-50,-50,-40,-30,-20,-10,0,0,0,0,0,0,0,0,-5,-10,-20,-25,-25,-25,-20,-15,-10,-5,0,0,0
C,0,1,0,0,0,0,0,0,0,0,0,0,0,0,0,0,0,0,0,0,0,9,-3,-4,-2,-3,-3,-1,-3,-1,-1,-3,-3,-3,-3,-1,-1,-1,-2,-2,-1,12,-3,-4,1,-1,0,-1,-3,-1,-2,-1,-3,-3,-1,0,-2,0,2,3,0.84,-1.67,3.71,0.18,-2.65,0,0,0,0,0,0,-5,-10,-13,-10,-5,0,0,0,0,0,0,0,0,0,0,0,10,20,30,44,30,20,10,0,0,0,0,0,20,40,50,60,60,55,50,45,44,40,35,30,25,20,15,10,5,0,0,0,0,0,0,-10,-30,-47,-30,-10,0,0,0,0,0,0
D,0,0,1,0,0,0,0,0,0,0,0,0,0,0,0,0,0,0,0,0,-2,-3,6,2,-3,-1,-1,-3,-1,-4,-3,1,-1,0,-2,0,-1,-3,-4,-3,-2,-3,6,2,-4,-1,-2,-4,-3,-4,-4,0,-4,-2,-4,-2,-3,-3,-4,-2,3.98,0.93,1.93,-2.46,0.75,0,-5,-10,-15,-20,-15,-10,0,5,10,15,20,20,20,15,10,5,0,5,10,15,20,0,-20,-30,-44,-30,-20,0,0,0,0,0,0,0,0,0,0,0,0,5,10,31,10,5,0,0,0,0,0,0,0,0,0,0,0,0,0,0,0,0,0,0,0,0,0,0,0
E,0,0,0,1,0,0,0,0,0,0,0,0,0,0,0,0,0,0,0,0,-1,-4,2,5,-3,-2,0,-3,1,-3,-2,0,-1,2,0,0,-1,-2,-3,-2,-2,-4,2,5,-4,-2,-2,-3,-1,-4,-3,-2,-3,-1,-3,-3,-2,-2,-4,-4,3.11,0.26,-0.11,-3.04,-0.25,0,0,0,0,10,20,60,70,78,78,78,78,78,70,60,40,20,-10,-15,-20,-25,-30,-35,-40,-45,-50,-55,-60,60,-50,-40,-30,-20,-10,0,-5,-10,-15,-20,-30,-40,-45,-47,-20,0,10,5,0,0,0,0,0,0,10,20,40,20,0,-10,-44,-40,-20,-10,0,0,0,0,0
F,0,0,0,0,1,0,0,0,0,0,0,0,0,0,0,0,0,0,0,0,-2,-2,-3,-3,6,-3,-1,0,-3,0,0,-3,-4,-3,-3,-2,-2,-1,1,3,-2,1,-4,-4,10,-4,0,1,-4,2,1,-3,-3,-3,-3,-2,-2,0,2,5,-4.22,1.94,1.06,0.54,-0.62,0,0,0,0,0,5,10,15,16,15,10,5,0,0,0,0,0,0,0,0,0,0,5,10,20,26,10,-10,-30,-60,-65,-60,-40,-20,0,0,0,0,0,-5,-10,-15,-18,-15,0,15,30,25,20,10,0,0,0,0,0,0,-5,-10,-20,-41,-20,0,15,30,25,20,10,0
G,0,0,0,0,0,1,0,0,0,0,0,0,0,0,0,0,0,0,0,0,0,-3,-1,-2,-3,6,-2,-4,-2,-4,-3,0,-2,-2,-2,0,-2,-3,-2,-3,0,-1,-1,-2,-4,5,-2,-3,-3,-3,-3,-1,-3,-2,-2,-1,-2,-1,-2,-3,2.05,-4.06,0.36,-0.82,-0.38,-5,-10,-15,-20,-30,-40,-50,-60,-86,-60,-50,-40,-30,-20,-15,-10,-5,10,20,30,40,40,20,0,-20,-42,-20,0,20,40,40,30,20,-10,0,0,0,0,10,30,55,55,57,40,0,0,0,0,0,0,0,0,0,0,0,10,30,40,45,49,45,40,30,10,0,0,0,0
H,0,0,0,0,0,0,1,0,0,0,0,0,0,0,0,0,0,0,0,0,-2,-3,-1,0,-1,-2,8,-3,-1,-3,-2,1,-2,0,0,-1,-2,-3,-2,2,-2,0,-2,-2,0,-2,8,-2,-2,-1,-2,1,-1,2,0,-2,-2,-3,-2,2,2.47,1.95,0.26,3.90,0.09,10,20,30,40,50,50,50,30,12,-20,-10,0,0,0,0,0,0,-10,-20,-40,-20,-10,0,-10,-20,-25,-35,-30,-25,-20,-15,-10,-5,0,0,0,0,0,0,0,0,0,-3,0,10,20,30,20,10,0,0,0,0,0,0,0,0,0,10,16,15,10,10,10,10,5,0,0
I,0,0,0,0,0,0,0,1,0,0,0,0,0,0,0,0,0,0,0,0,-1,-1,-3,-3,0,-4,-3,4,-3,2,1,-3,-3,-3,-3,-2,-1,3,-3,-1,-1,-1,-4,-3,1,-3,-2,8,-3,2,3,-1,-3,-2,-3,-2,0,3,-3,-1,-3.89,-1.73,-1.71,-0.84,0.26,5,10,15,20,25,20,15,10,6,0,-10,-15,-20,-25,-20,-10,-5,0,-10,-20,-10,0,20,40,60,67,60,40,20,0,-10,-20,-10,0,0,0,0,0,0,-10,-20,-30,-46,-40,-10,0,0,20,30,20,10,0,0,0,0,0,-10,-20,-30,-33,-30,-10,0,10,20,30,20,0
K,0,0,0,0,0,0,0,0,1,0,0,0,0,0,0,0,0,0,0,0,-1,-3,-1,1,-3,-2,-1,-3,5,-2,-1,0,-1,1,2,0,-1,-2,-3,-2,-3,-3,-3,-1,-4,-3,-2,-3,6,-3,-2,-1,-3,0,2,-3,-2,-3,-4,-4,2.29,0.89,-2.49,1.49,0.31,20,40,50,55,60,60,50,30,23,10,5,0,0,0,0,0,0,-5,-10,-15,-20,-30,-40,-50,-40,-33,-20,-10,0,10,10,0,0,0,-10,-20,-30,-40,-25,-10,0,10,10,10,0,-20,-30,-20,-10,-5,0,-10,-20,-30,-40,-25,-20,-10,-8,-8,0,0,-20,-30,-20,-10,-5,0
L,0,0,0,0,0,0,0,0,0,1,0,0,0,0,0,0,0,0,0,0,-1,-1,-4,-3,0,-4,-3,2,-2,4,2,-3,-3,-2,-2,-2,-1,1,-2,-1,-2,-1,-4,-4,2,-3,-1,2,-3,7,2,-3,-1,-1,-2,-2,-2,1,-1,-1,-4.28,-1.30,-1.49,-0.72,0.84,0,5,10,15,20,25,28,30,32,30,28,25,20,15,10,5,0,0,0,0,0,0,5,10,20,23,20,10,5,0,0,0,0,0,0,0,0,-10,-20,-30,-40,-50,-56,-20,-10,0,0,0,0,0,0,0,0,0,-10,-20,-30,-40,-30,-20,-20,-10,0,0,0,0,0,0
M,0,0,0,0,0,0,0,0,0,0,1,0,0,0,0,0,0,0,0,0,-1,-1,-3,-2,0,-3,-2,1,-1,2,5,-2,-2,0,-1,-1,-1,1,-1,-1,-1,-2,-4,-3,1,-3,-2,3,-2,2,9,-3,-3,-1,-2,-3,0,2,-2,-2,-2.85,-0.22,0.47,1.94,-0.98,10,20,25,30,35,40,45,50,53,50,45,40,35,30,25,20,10,-10,-20,-30,-40,-40,-30,0,10,23,10,0,-30,-40,-40,-30,-20,-10,-5,-15,-20,-25,-30,-35,-40,-45,-48,-45,-40,-35,-30,-25,-20,-15,-5,0,-5,-10,-15,-20,-25,-30,-40,-41,-40,-30,-25,-20,-15,-10,-5,0
N,0,0,0,0,0,0,0,0,0,0,0,1,0,0,0,0,0,0,0,0,-2,-3,1,0,-3,0,1,-3,0,-3,-2,6,-2,0,0,1,0,-3,-4,-2,-2,-1,0,-2,-3,-1,1,-1,-1,-3,-3,6,-3,-1,-2,0,0,-2,-4,-1,3.05,1.62,1.04,-1.15,1.61,0,0,0,0,-10,-20,-30,-40,-51,-40,-30,-20,-10,0,0,0,0,10,30,50,30,20,0,-15,-30,-41,-30,-15,0,20,30,50,30,10,0,0,0,10,20,30,35,40,42,40,35,30,20,10,5,0,0,0,0,0,10,20,30,35,40,46,40,35,30,20,10,0,0,0
P,0,0,0,0,0,0,0,0,0,0,0,0,1,0,0,0,0,0,0,0,-1,-3,-1,-1,-4,-2,-2,-3,-1,-3,-2,-2,7,-1,-2,-1,-1,-2,-4,-3,-1,-3,-4,-3,-3,-3,-1,-3,-3,-1,-3,-3,4,-1,-3,-1,-1,-2,-4,-3,-1.66,0.27,1.84,0.70,2.00,-10,-20,-40,-60,-80,-100,-120,-140,-77,-60,-30,-20,-10,0,0,0,0,10,20,30,30,20,10,0,-10,-18,-20,-10,10,30,40,30,20,10,10,20,30,40,50,70,10,-90,36,90,10,0,0,0,0,0,0,0,0,10,20,30,40,50,55,58,50,10,0,0,0,0,0,0
Q,0,0,0,0,0,0,0,0,0,0,0,0,0,1,0,0,0,0,0,0,-1,-3,0,2,-3,-2,0,-3,1,-2,0,0,-1,5,1,0,-1,-2,-2,-1,-2,-3,-2,-1,-3,-2,2,-2,0,-1,-1,-1,-1,6,0,-2,-2,-2,-2,-2,1.75,0.50,-1.44,-1.34,0.66,0,0,0,0,5,10,20,20,10,-10,-20,-20,-10,-5,0,0,0,0,0,0,0,0,-5,-10,0,12,20,30,40,50,50,40,30,15,10,20,30,25,20,15,10,5,4,20,30,40,50,60,50,40,20,10,20,30,25,20,15,10,0,-5,20,30,40,50,60,50,40,20
R,0,0,0,0,0,0,0,0,0,0,0,0,0,0,1,0,0,0,0,0,-1,-3,-2,0,-3,-2,0,-3,2,-2,-1,0,-2,1,5,-1,-1,-3,-3,-2,-3,-1,-4,-3,-3,-2,0,-3,2,-2,-2,-2,-3,0,6,-2,-3,-3,0,-2,3.52,2.50,-3.50,1.99,-0.17,0,0,0,0,0,0,0,0,-9,-15,-20,-30,-40,-50,-50,-30,-10,0,0,0,0,0,0,0,0,4,0,0,0,0,0,0,0,0,0,0,0,0,0,0,0,10,21,30,40,30,20,10,0,0,0,0,0,0,0,0,0,0,0,-12,0,20,30,20,10,0,0,0
S,0,0,0,0,0,0,0,0,0,0,0,0,0,0,0,1,0,0,0,0,1,-1,0,0,-2,0,-1,-2,0,-2,-1,1,-1,0,-1,4,1,-2,-3,-2,0,0,-2,-3,-2,-1,-2,-2,-3,-2,-3,0,-1,-2,-2,4,0,-2,-3,-2,2.39,-1.07,1.15,-1.39,0.67,0,-5,-10,-15,-20,-25,-30,-35,-39,-35,-30,-25,-20,-15,-10,-5,0,0,10,20,10,0,-5,-10,-15,-17,-15,-10,-5,0,10,20,10,0,0,-10,-20,-20,10,15,20,25,26,25,20,15,10,0,0,0,0,0,-10,-20,-20,10,15,20,25,50,25,20,15,10,0,0,0,0
T,0,0,0,0,0,0,0,0,0,0,0,0,0,0,0,0,1,0,0,0,0,-1,-1,-1,-2,-2,-2,-1,-1,-1,-1,0,-1,-1,-1,1,5,0,-2,-2,1,-2,-3,-2,-2,-2,-2,0,-2,-2,0,0,-1,-2,-3,0,5,0,-3,-3,0.75,-2.18,-1.12,-1.46,-0.40,0,0,0,-5,-10,-15,-20,-25,-26,-25,-20,-15,-10,-5,0,0,0,5,10,15,20,15,15,10,10,13,10,10,15,15,20,15,10,5,0,10,20,20,20,15,18,5,3,5,10,15,20,20,20,10,0,0,10,20,30,20,15,10,15,17,15,10,15,20,30,20,10,0
V,0,0,0,0,0,0,0,0,0,0,0,0,0,0,0,0,0,1,0,0,0,-1,-3,-2,-1,-3,-3,3,-2,1,1,-3,-2,-2,-3,-2,0,4,-3,-1,1,0,-3,-2,0,-1,-3,3,-3,1,2,-2,-2,-2,-3,-2,0,6,-2,-1,-2.59,-2.64,-1.54,-0.85,-0.02,0,0,0,0,0,0,5,10,14,10,5,0,0,0,0,0,0,0,0,-10,-20,0,20,40,60,68,60,40,20,0,-20,-10,0,0,0,0,0,0,-10,-20,-30,-40,-60,-40,-30,-20,-10,0,0,0,0,0,0,0,0,-10,-20,-25,-30,-35,-30,-25,-20,-10,0,0,0,0
W,0,0,0,0,0,0,0,0,0,0,0,0,0,0,0,0,0,0,1,0,-3,-2,-4,-3,1,-2,-2,-3,-3,-2,-1,-4,-4,-2,-3,-3,-2,-3,11,2,-4,2,-4,-4,2,-2,-2,-3,-4,-1,-2,-4,-4,-2,0,-3,-3,-2,14,2,-4.36,3.94,0.59,3.44,-1.59,-10,-20,-40,-50,-50,-10,0,10,12,10,0,-10,-50,-50,-40,-20,-10,0,0,0,0,0,-10,-10,-10,-10,-10,-10,-15,-20,-25,-30,-20,-10,0,0,0,10,20,30,40,80,36,-30,30,40,50,60,70,40,20,0,0,0,10,20,30,40,20,12,20,30,40,50,60,70,40,20
Y,0,0,0,0,0,0,0,0,0,0,0,0,0,0,0,0,0,0,0,1,-2,-2,-3,-2,3,-3,2,-1,-2,-1,-1,-2,-3,-1,-2,-2,-2,-1,2,7,-3,3,-2,-4,5,-3,2,-1,-4,-1,-2,-1,-3,-2,-2,-2,-3,-1,2,11,-2.54,2.44,0.43,0.04,-1.47,-5,-10,-15,-20,-25,-30,-35,-40,-45,-40,-35,-30,-25,-20,-15,-10,-5,0,5,10,15,20,25,30,35,40,35,30,25,20,15,10,5,0,0,0,0,5,15,15,20,25,29,25,20,15,15,5,0,0,0,0,0,0,0,0,0,0,0,-6,0,0,0,0,0,0,0,0
